гуяаар	гуя @@аар
цэвэрлэгээг	цэвэр @@лэг @@ээ @@г
дурны	дур @@ны
үйлчлэгчид	үйл @@члэ @@гч @@д
шувуунд	шувуу @@нд
янзад	янз @@ад
пальтонд	пальто @@нд
шинэчлэлд	шинэ @@члэлд
сүлбээрдэх	сүлбэ @@ээр @@дэх
кредитээр	кредит @@ээр
хамгааллаар	хам @@гаа @@лл @@аар
наадмыг	на @@адм @@ыг
шилдэг	шил @@дэг
бэрхшээлийг	бэрх @@шээл @@ийг
тохиргоог	т @@охиргоог
дуугарах	дуу @@гарах
худалдаачны	худал @@д @@аа @@чин @@ы
талаа	тал @@аа
түнштэй	түнш @@тэй
хөвчрөл	хөвч @@рөл
ээтийлгүй	ээ @@лт @@ий @@л @@гүй
тэнгистэй	тэнгис @@тэй
санаачлагч	сан @@аа @@члах @@гч
сорвины	сорви @@ны
ертөнцийн	ертөнц @@ийн
цэнгэлээр	ц @@энгэл @@ээр
ноёноо	ноён @@оо
чөтгөрөөр	чөтгөр @@өөр
үнэмшил	үнэ @@мшил
бөглөөгөө	б @@өгл @@өө @@г @@өө
хотожтол	хот @@ожтол
шархлааг	шарх @@лааг
үүсгэлийг	үү @@сгэл @@ийг
аммиакийн	аммиак @@ийн
тахиатай	тахиа @@тай
ханцуйд	ханцуй @@д
сахиустай	сах @@иус @@тай
гуятай	гуя @@тай
үйлдвэрлэгчийн	үйл @@д @@вэр @@лэх @@гч @@ийн
жүчээгээ	жүчээ @@г @@ээ
өгүүлбэрээс	өг @@үүл @@бэр @@ээс
дайчилгааны	дай @@члах @@гаа @@ы
сургамжаар	с @@урга @@мж @@аар
цөмчингөө	цөм @@чин @@г @@өө
боломж	б @@оло @@мж
тоосготой	тоосго @@той
оосроор	оос @@р @@оор
исэгт	исэг @@лт
зорилтод	з @@орилтод
ичмээр	ичм @@ээр
зэсэд	зэс @@эд
ажилчныг	ажил @@чин @@ыг
лакаас	лак @@аас
хоолойд	хоолой @@д
шугамын	шугам @@ын
зоодойгоор	зоодой @@г @@оор
хотжуулах	хот @@жих @@уулах
илтгэлтэй	ил @@тгэл @@тэй
моодны	моод @@ны
хандуулах	х @@анд @@уулах
цусаа	цус @@аа
янданд	яндан @@д
хүчилтэй	хүчил @@тэй
хамсаатнаар	хам @@саа @@тан @@аар
овооролдуулах	овоо @@ролд @@уулах
хурандаагаа	хурандаа @@гаа
угаалтуурыг	у @@гаа @@лт @@уур @@ыг
амьтан	амь @@тан
энгэрээр	энгэр @@ээр
цуваагаа	цув @@аа @@гаа
хувьслыг	хувь @@сл @@ыг
төлөвтэй	төлөв @@тэй
архитектурын	архитектур @@ын
чийдэн	чийдэн
үрчлээгээ	үр @@чл @@ээ @@г @@ээ
толгойлогчтой	толгой @@ло @@гч @@той
ад	ад
харшилдаанд	харш @@илд @@аа @@нд
төмрийг	т @@өмр @@ийг
сууцыг	сууц @@ыг
шугам	шугам
өвгөнөөс	өвгөн @@өөс
дүрсээс	дүрс @@ээс
хүчний	хүч @@ий
онгоцны	онгоц @@ны
маажингаас	маажин @@г @@аас
гомдолд	го @@мдолд
дэлгүүртэй	дэл @@гүүр @@тэй
хүндрэлээр	хүнд @@рэл @@ээр
зуршлаа	з @@уршл @@аа
хуульчаас	хууль @@ч @@аас
томууны	томуу @@ны
бичиглэлтэй	би @@чиг @@лэл @@тэй
фашизмаар	фашизм @@аар
элчээр	элч @@ээр
нөөцийг	нө @@өц @@ийг
өвөрлөлөө	өвөр @@лөл @@өө
алдааг	алд @@аа @@г
гирвэшдэг	г @@ирвэшдэг
мөсний	мөс @@ий
хөгжлөөр	хөг @@жих @@л @@өөр
гариг	гариг
шүүс	шүүс
оновчийн	оновч @@ийн
албажилгүй	алба @@жих @@л @@гүй
цээжтэй	цээж @@тэй
зүхлээс	з @@үхл @@ээс
айдсыг	ай @@дс @@ыг
зүгт	зүг @@лт
тарилгаа	т @@ари @@л @@гаа
цамхгийн	ц @@амхг @@ийн
модернизмын	модернизм @@ын
баашийг	бааш @@ийг
зээтүүгээ	зээтүү @@г @@ээ
чамархайг	чамархай @@г
эмэгтэй	эм @@эг @@тэй
бясалгалаар	бя @@салга @@л @@аар
илжигтэй	илжиг @@тэй
орлогод	ор @@логод
авгалдайг	авга @@лдайг
ванд	ван @@д
хариуцагч	хариу @@ца @@гч
хөдөс	хөдөс
залиас	з @@алиа @@с
бүрдэлд	б @@үрдэлд
болжмортой	болжмор @@той
шингэлт	ш @@ингэ @@лт
түгшүүрээс	түг @@шүүр @@ээс
зээтүүнээс	зээтүү @@н @@ээс
биеэр	бие @@ээр
цаазаас	цааз @@аас
гүтгэлгийг	г @@үтгэлг @@ийг
хөрөнгөтнийг	хөрөнгө @@тан @@ийг
санамжийг	сан @@аа @@мж @@ийг
солилцоог	с @@олилцоог
зохицуулагчийг	з @@охиц @@уулах @@гч @@ийг
хувцаслах	хувцас @@лах
алиалагчийн	алиа @@ла @@гч @@ийн
өмгөөллөөр	өмг @@өө @@лл @@өөр
тариураа	тар @@иур @@аа
пуужинтай	пуужин @@тай
зочинд	зочин @@д
таглаагаа	таг @@л @@аа @@гаа
хуримтлалын	хурим @@тлал @@ын
шумуулын	шумуул @@ын
амрах	амрах
цохиуртай	цох @@иур @@тай
наймаачнаар	наймаа @@чин @@аар
жигшим	жиг @@шим
шургуулгаа	ш @@ург @@уулах @@гаа
донтноос	дон @@тан @@оос
бичвэрийг	бич @@вэр @@ийг
гүйлтэд	гүй @@лт @@эд
хадгалалтаа	х @@адгала @@лт @@аа
доромжлолын	доромж @@лол @@ын
дамжаанаас	дам @@жих @@аа @@аан @@аас
хийлчийн	хийл @@ч @@ийн
хандивлагчийг	хандив @@ла @@гч @@ийг
гацуурыг	гацуур @@ыг
шидэлттэй	ш @@идэлт @@тэй
давталтаас	д @@авта @@лт @@аас
хүдрээс	х @@үдр @@ээс
тэмдэг	тэмдэг
автомашинд	авто @@машин @@д
банзлаас	банз @@л @@аас
залбиралтай	з @@албирал @@тай
баримжаагаар	барих @@мжаа @@г @@аар
түрээсээр	түрээс @@ээр
нягтаршилд	нягт @@арш @@илд
картын	карт @@ын
бичээчийг	бич @@ээ @@ч @@ийг
өргөтгөх	өр @@гөтгөх
мэдээлүүл	мэд @@ээ @@л @@үүлэх
зулайгаа	зулай @@гаа
хэмнэлттэй	хэм @@нэ @@лт @@тэй
үзмийг	үзм @@ийг
найрамдал	найр @@амдал
мэндчилгээг	мэнд @@члах @@г @@ээ @@г
хасалтаас	х @@аса @@лт @@аас
хавиргаар	хавирга @@аар
төрөөр	төр @@өөр
зургаар	з @@ург @@аар
чөлөөлөлтөө	чөлөө @@лө @@лт @@өө
эсээ	эс @@ээ
хөхний	хөх @@ий
биологид	биологи @@д
мөхөөлдөснөөс	мөхөөлдөс @@өөс
товойчих	т @@овой @@чих
мэргэшлээс	мэргэ @@шл @@ээс
хайрцгаар	хай @@рцг @@аар
сэтгүүлчтэй	с @@этг @@үүлэх @@ч @@тэй
шинжээр	шинж @@ээр
бөндгөрөөр	бөндгөр @@өөр
төслөөс	төс @@л @@өөс
адилслын	адил @@сл @@ын
хөдөлөх	хөдөлөх
эмч	эмч
хаврыг	х @@авр @@ыг
картаас	карт @@аас
теннисэнд	теннис @@энд
шинжилгээгээ	шинж @@илг @@ээ @@г @@ээ
ногтыг	ногт @@ыг
борлуулах	бор @@л @@уулах
янзаас	янз @@аас
бөгснөөс	бөгс @@өөс
жолооноос	жолоо @@н @@оос
медалийн	м @@едал @@ийн
шуудай	шуудай
элэгдэх	элэг @@дэх
хэрэгжүүлэлт	хэрэг @@жих @@үүлэх @@лт
цавууны	цавуу @@ны
сүйрэлтэй	сүй @@рэл @@тэй
лампанд	ламп @@аан @@д
оршлыг	ор @@шл @@ыг
цоожоо	цоож @@оо
доройтолд	дорой @@толд
зөгийгөөр	зөгий @@г @@өөр
эрхлэгчид	эрх @@лэ @@гч @@д
аммиакт	аммиак @@лт
мөхөлтэй	м @@өхөл @@тэй
үүнд	үүн @@д
зурлага	зур @@лага
атаархал	ат @@аар @@хал
өтний	өт @@ий
жилээ	жил @@ээ
мэхлэгчээс	мэх @@лэ @@гч @@ээс
жүчээний	жүчээ @@ий
сэргээшээ	с @@эрг @@ээ @@ш @@ээ
цээжинд	цээж @@инд
шивээсээр	ш @@ив @@ээс @@ээр
хавцлаар	х @@авцл @@аар
мөчлөг	мөч @@лөг
гачих	гачих
савхитай	савхи @@тай
бөөндөнгөө	бөөн @@дөнг @@өө
арбитраа	арбитр @@аа
соёог	соёо @@г
шохойжуул	шохой @@жих @@уулах
зарчим	зарчим
албажих	алба @@жих @@х
худалдаачинд	худал @@д @@аа @@чин @@д
төмстэй	төмс @@тэй
доллароо	доллар @@оо
хэлэлцэгчээр	хэл @@элцэ @@гч @@ээр
урвагчийг	ур @@ва @@гч @@ийг
дулаармагц	дул @@аар @@магц
таамаглалтай	таа @@маглал @@тай
дохиурт	дох @@иур @@лт
судлаачтай	с @@удл @@аа @@ч @@тай
өрөмдлөгийн	өр @@өмдлөг @@ийн
ойлгомж	ой @@лго @@мж
таргалалтаар	тарга @@ла @@лт @@аар
согтох	согтох
тэвхдүүл	тэвх @@д @@үүлэх
архичинтай	архи @@чин @@тай
залуураас	з @@ал @@уур @@аас
тэнхлэгээр	тэнхлэг @@ээр
манлайлалтай	манлай @@лал @@тай
аалз	аалз
ураа	ур @@аа
доргих	д @@оргих
солбицоцгоо	солбицо @@цгоо
тоног	тоног
жилийг	жил @@ийг
гадуурхал	гадуур @@хал
сойзны	сойз @@ны
төвлөрүүлэлт	төв @@лөр @@үүлэх @@лт
чөтгөртэй	чөтгөр @@тэй
оновчоос	оновч @@оос
символизмоо	символизм @@оо
биллиард	биллиард
үсэглэлээс	үсэг @@лэл @@ээс
ургацад	ур @@гацад
хурдатгалаас	хурд @@атга @@л @@аас
гялгар	гялгар
зуршилтай	зур @@шил @@тай
эргэлтээ	эр @@гэ @@лт @@ээ
эцсээс	эцс @@ээс
соёотой	соёо @@той
үхлээс	үхл @@ээс
нүцгэн	нүцгэн
гэрлээс	гэр @@л @@ээс
гоймонд	гоймон @@д
паалангаа	паалан @@гаа
наймаачинтай	наймаа @@чин @@тай
үсэгт	үсэг @@лт
анчны	ан @@чин @@ы
мэргэшил	мэргэ @@шил
даяанд	даяан @@д
авхуулзна	ав @@х @@уулах @@зна
командлагчаа	команд @@ла @@гч @@аа
шавхайгаар	шавхай @@г @@аар
багтраагаар	б @@агтр @@аа @@г @@аар
цуурганд	цуурга @@нд
сүйтгэгчийг	сүй @@тгэ @@гч @@ийг
боловсруулалтаар	б @@оловср @@уулах @@лт @@аар
өөдгүй	өө @@д @@гүй
баримтыг	барих @@мт @@ыг
сурагчийн	сур @@аа @@гч @@ийн
тайлах	тайлах
сайжруулалтад	с @@айжр @@уулах @@лт @@ад
хяналтаас	х @@яна @@лт @@аас
наалдац	на @@алдац
үймээнээс	үй @@м @@ээ @@н @@ээс
тактикаас	тактик @@аас
үйрүүлэх	үй @@р @@үүлэх
гохны	гох @@ны
тогтворжилтоор	тогт @@вор @@жих @@лт @@оор
хойгоос	хойг @@оос
хатуулгыг	хатуу @@лг @@ыг
тасралаа	тас @@рал @@аа
дискийг	диск @@ийг
хохирох	хохирох
нэхэмжлэгчээр	нэ @@хэ @@мж @@лэ @@гч @@ээр
зэрэг	зэрэг
тэтгэмжтэй	т @@этгэ @@мж @@тэй
адаа	ад @@аа
хөлсөөр	хөлс @@өөр
эхлэлийн	эх @@лэл @@ийн
хувьсгагчаас	хувь @@сга @@гч @@аас
бариулаас	бариул @@аас
олтригоос	олтриг @@оос
цахирмаатай	цахир @@м @@аа @@тай
цайзтай	цайз @@тай
армийг	арми @@йг
улирлын	ул @@ирл @@ын
дайнаас	дайн @@аас
роботтой	робот @@той
генералыг	генерал @@ыг
тохуурхлаас	тохуу @@рхл @@аас
сэвээ	сэв @@ээ
тотиор	т @@отиор
нэвтрүүлэгч	нэвт @@р @@үүлэх @@гч
хөтлөгчөө	х @@өтлө @@гч @@өө
төрөв	төр @@өв
төлбөрт	төл @@бөр @@лт
авхуулмагц	ав @@х @@уулах @@магц
хавчлагыг	хавч @@лаг @@ыг
мэдээлэл	мэд @@ээ @@лэл
шөвхлөх	шөвх @@лөх
археологитой	археологи @@той
эрэлт	эр @@лэх @@лт
заагчаас	з @@аа @@гч @@аас
спирт	спирт
хуулбарын	х @@уул @@бар @@ын
мөргөлийн	мөр @@гөл @@ийн
эмэгчинд	эм @@эг @@чин @@д
хаалгаар	х @@аа @@лг @@аар
нөмрөгөөр	нө @@мрөг @@өөр
баганаар	багана @@аар
дарангуйллын	дара @@нгуй @@лл @@ын
шүвтрээс	ш @@үвтр @@ээс
шивнээнд	ш @@ивн @@ээ @@нд
авхуулмаар	ав @@х @@уулах @@м @@аар
шагнах	ш @@агнах
наазгайдах	на @@азгайдах
шимтгэлээс	шимт @@гэл @@ээс
жолоочид	жолоо @@чид
азотод	азот @@од
илжгээр	ил @@жих @@г @@ээр
хаалганаас	х @@аа @@лг @@аан @@аас
гагнуураас	г @@агн @@уур @@аас
жижгэрүүлэх	жих @@жих @@гэр @@үүлэх
урхиар	урхи @@аар
явдлаас	я @@вдл @@аас
шошийн	шош @@ийн
догшин	дог @@шин
нягтшилын	нягт @@шил @@ын
амьдралаар	амь @@драл @@аар
хэрэглээний	хэрэг @@л @@ээ @@ий
бадгаас	б @@адг @@аас
жигнэмгийг	жиг @@нэмг @@ийг
сүсэгтэн	сүсэг @@тэн
эсрэгцэлтэй	эсрэг @@цэл @@тэй
сэжгээс	с @@эжг @@ээс
гэгээрэл	гэгээ @@рэл
амьтай	амь @@тай
үргэлжлэлээр	үргэлж @@лэл @@ээр
бүсгүйгээр	бүсгүй @@г @@ээр
чадвараар	ч @@адвар @@аар
үргээгчид	үр @@г @@ээ @@гч @@д
сүлжээнээс	сүл @@жих @@ээ @@н @@ээс
ишийг	иш @@ийг
араншингаас	араншин @@г @@аас
хориог	хорио @@г
амрагаас	ам @@раг @@аас
дэмжлэгт	дэм @@жих @@лэг @@лт
өвчтөний	өв @@чтө @@ий
солонгыг	с @@олонг @@ыг
гитарыг	гитар @@ыг
керамикт	керамик @@лт
ширээсний	ширээс @@ий
хангалтаа	х @@анга @@лт @@аа
дэлбэрэлтээс	дэлбэ @@рэ @@лт @@ээс
алттай	алт @@тай
эрэмбээ	эрэмбэ @@лэх
урвалт	ур @@ва @@лт
хаалтын	х @@аа @@лт @@ын
хариултын	хариу @@лт @@ын
анчинтай	ан @@чин @@тай
асраас	ас @@р @@аас
нүүрстөрөгчид	нүүрс @@төрөгч @@ид
коммунизмоо	коммунизм @@оо
тэмтрүүлтэй	т @@эмтр @@үүлэх @@тэй
далилзтал	д @@алилзтал
зайгаар	зай @@г @@аар
шатаагчид	шат @@аа @@гч @@д
хүрэм	хүрэм
айлчлал	айл @@члах @@л
гүйцэтгэлд	гүй @@цэтгэлд
бахины	бах @@ины
үнэнч	үнэн @@ч
устгалаар	ус @@тгал @@аар
өндөрлөх	өндөр @@лөх
урагшлалгүй	урагш @@лал @@гүй
босготой	б @@осго @@той
талбай	талбай
цохимогц	цохи @@могц
ялагдалд	ял @@агдалд
хуягаа	хуяг @@аа
довд	дов @@д
царцааны	царцаа @@ны
эвлэрэнгээ	эв @@лэрэнг @@ээ
харвалтыг	х @@арва @@лт @@ыг
бүтээлгээ	б @@үт @@ээ @@лг @@ээ
мөнхөжсөн	мөнх @@өжсөн
чимээний	чимээ @@ий
гавлаар	г @@авл @@аар
ялгавартай	ял @@гавар @@тай
шүршүүртэй	шүр @@шүүр @@тэй
өгөөжөөс	өгөөж @@өөс
сэлгээгээ	с @@элг @@ээ @@г @@ээ
нягтаршилтай	нягт @@арш @@ил @@тай
барагтайхан	бараг @@тай @@х @@аан
нийлэмжээр	ий @@лэ @@мж @@ээр
дуудлагатай	дуу @@д @@лага @@тай
бөмбөрцгийг	бөмбөр @@цг @@ийг
гудасыг	гудас @@ыг
чөлөөлөлт	чөлөө @@лө @@лт
гадсанд	г @@адсанд
өргөтгөлөөр	өр @@гөтгөл @@өөр
саатал	саа @@тал
эргүүлд	эр @@г @@үүлэх @@д
бэсрэгт	бэсрэг @@лт
нийлгийн	ий @@лг @@ийн
тусламжтай	тус @@ла @@мж @@тай
мушгиагаар	мушгиа @@г @@аар
ялагдагчаас	ял @@агда @@гч @@аас
эрдэнэс	эрдэнэ @@с
оч	оч
хамтралаас	хамтрал @@аас
консулын	консул @@ын
жимээ	жим @@ээ
өгөөж	өгөөж
конусаа	конус @@аа
бадминтоноос	бадминтон @@оос
хэлбэрээс	хэлбэр @@ээс
дулаарав	дул @@аар @@ав
хирс	хирс
нийлүүлэлтийн	ий @@л @@үүлэх @@лт @@ийн
барилдлагаа	барих @@л @@дла @@гаа
илдээр	илд @@ээр
эрхтэй	эрх @@тэй
үзэсгэлэнгээ	үзэ @@сгэлэн @@г @@ээ
хаягдал	хаяг @@дал
тасалбарыг	тас @@алба @@р @@ыг
хавчлагын	хавч @@лаг @@ын
тэмтрүүлийн	т @@эмтр @@үүлэх @@ийн
шийдвэр	шийд @@вэр
улиралд	ул @@иралд
хасалттай	х @@аса @@лт @@тай
зээрэнцэгтэй	зээрэнцэг @@тэй
адилслаас	адил @@сл @@аас
цэцэрлэгтэй	цэцэрлэг @@тэй
үнэлэлтэд	үнэ @@лэлтэд
эрэгчинтэй	эрэг @@чин @@тэй
вангаар	ван @@г @@аар
хяналт	х @@яна @@лт
шийдэх	шийдэх
ядрах	ядрах
дуурайх	дуурайх
алга	алга
судлаас	с @@удл @@аас
торгуулийг	тор @@гуул @@ийг
урвалаа	ур @@вал @@аа
гүзээлзгэнээс	гүзээлзгэнэ @@ээс
уусмалд	уус @@малд
эмээр	эм @@ээр
эзлэгчийг	э @@злэ @@гч @@ийг
цардуулыг	ц @@ард @@уулах @@ыг
багажийг	багаж @@ийг
зүүдээ	зүүд @@ээ
шатаагчтай	шат @@аа @@гч @@тай
жүржтэй	жүрж @@тэй
биширмээр	б @@иш @@ирм @@ээр
тосгоны	тосгон @@ы
гүжирдлэх	гүжир @@д @@лэх
хакерт	хакер @@лт
эвдэчмээр	эв @@дэчм @@ээр
зээлдүүлэгч	зээл @@д @@үүлэх @@гч
базаах	ба @@заах
хувьсгагчаар	хувь @@сга @@гч @@аар
шохойгоос	шохой @@г @@оос
үүргэвчтэй	үүр @@гэвч @@тэй
дэгээг	дэгээ @@г
шандсанд	шан @@дсанд
өгөгдлөөр	ө @@гөгдл @@өөр
эргэцүүллийн	эр @@гэц @@үүлэх @@л @@ийн
худалдагчийн	худал @@да @@гч @@ийн
нэвтрүүлэгчээ	нэвт @@р @@үүлэх @@гч @@ээ
хэлэлцэгч	хэл @@элцэ @@гч
бамбайн	бамбай @@н
дадлагагүй	дад @@лага @@гүй
хязгаарлалаа	хязгаар @@лал @@аа
амталгаа	амт @@ал @@гаа
оршлоор	ор @@шл @@оор
дараалал	дараа @@лал
давтлагатай	д @@авт @@лага @@тай
яншуйг	яншуй @@г
дэрээр	дэр @@ээр
цэргээр	цэр @@г @@ээр
өнгөлсөн	өнгө @@лсөн
найдваргүй	на @@йдвар @@гүй
гэгээрлээс	гэгээ @@рл @@ээс
тэргүүлэх	т @@эрг @@үүлэх
заанаас	заан @@аас
нэхэмжлэгчээ	нэ @@хэ @@мж @@лэ @@гч @@ээ
сарнил	с @@арнил
хуваариар	хув @@аар @@иар
хачирхлаас	х @@ачирхл @@аас
оройн	орой @@н
ондоо	он @@д @@оо
төлбөрөө	төл @@бөр @@өө
хянагчийн	х @@яна @@гч @@ийн
зовлонгийн	з @@овлонг @@ийн
аймшигт	аймшиг @@лт
найдлагагүй	на @@йд @@лага @@гүй
дүрслэлийг	дүрс @@лэл @@ийг
атираа	а @@тир @@аа
тамхичнаар	тамхи @@чин @@аар
довтолгоогоор	дов @@толгоог @@оор
голоос	гол @@оос
үнсэлтийг	үнсэ @@лт @@ийг
нислэгтэй	нис @@лэг @@тэй
махлагаа	мах @@ла @@гаа
өсгийг	өсгий @@г
семинар	семинар
мэргэшлээр	мэргэ @@шл @@ээр
харьцуулалтыг	х @@арьц @@уулах @@лт @@ыг
философид	философи @@д
өндгөвчөө	ө @@ндгөвч @@өө
тамирчны	тамир @@чин @@ы
хайрцгаас	хай @@рцг @@аас
шүгэлдэх	ш @@үгэлдэх
өрөмдлөгийг	өр @@өмдлөг @@ийг
дуулиас	дуу @@лиас
бичиглэлээс	би @@чиг @@лэл @@ээс
нүүдлийг	н @@үүдл @@ийг
өөхнөөс	өөх @@өөс
үхжилт	үх @@жих @@лт
оруулах	ор @@уулах
багцаас	багц @@аас
хэрэгтэй	хэрэг @@тэй
баяслаас	б @@аясл @@аас
амины	ам @@ины
сэдэгчтэй	с @@эдэ @@гч @@тэй
гуалингийн	гуалин @@г @@ийн
хондлой	хондлой
тэмтэрье	т @@эмтэрье
цогцос	цогцос
нягтшилд	нягт @@шил @@д
магадлалтай	магад @@лал @@тай
эмтэй	эм @@тэй
там	там
цаглашгүй	цаглаш @@гүй
егөөнд	егөө @@нд
буга	буга
ялгаруулалт	ял @@гар @@уулах @@лт
ухагдахууны	ух @@аа @@гдах @@ууны
сүүдэртэй	сүүдэр @@тэй
мэнгэний	мэнгэ @@ий
дэлгэрэлттэй	дэл @@гэрэл @@лт @@тэй
үрэл	үрэл
хүрээ	хүр @@ээ
бүлэглэлээс	бүлэг @@лэл @@ээс
гайхамшгаас	гай @@хамшг @@аас
тос	тос
чөмгийг	ч @@өмг @@ийг
ахмадад	ах @@мадад
аммиактай	аммиак @@тай
харьцуулалттай	х @@арьц @@уулах @@лт @@тай
сувдад	сувд @@ад
хэлмэгдтэл	хэл @@мэгдтэл
шүршүүрийг	шүр @@шүүр @@ийг
тэнгэрт	тэнгэр @@лт
өмчөөс	өмч @@өөс
гийгүүлэгчийг	г @@ийг @@үүлэх @@гч @@ийг
тэтгэмжийн	т @@этгэ @@мж @@ийн
тоормосоо	тоормос @@оо
дээсээс	дээс @@ээс
хэвлэлтээр	хэв @@лэ @@лт @@ээр
сэтгэлээс	с @@этгэл @@ээс
тээг	тээг
утгын	утг @@ын
жишээнд	жих @@ш @@ээ @@нд
дуншилтад	дун @@шил @@тад
хэрүүлийн	хэрүүл @@ийн
хорионы	хорио @@ны
спиртээр	спирт @@ээр
найрамдлаар	найр @@амдл @@аар
саунд	саун @@д
элэгдлээр	элэг @@дл @@ээр
зарлалыг	зар @@лал @@ыг
хутгаар	хутга @@аар
судал	судал
үзэмтэй	үзэм @@тэй
чагтнаас	чагт @@н @@аас
салын	сал @@ын
үзүүлэнгээр	үз @@үүлэх @@нг @@ээр
оролдлогын	ор @@олдлог @@ын
асфальтын	асфальт @@ын
онгодоо	онгод @@оо
ширээг	ширээ @@г
хүрхрээнд	хүрхрээ @@нд
ганхалтыг	г @@анха @@лт @@ыг
гөлөгтэй	гөлөг @@тэй
тагтааны	тагтаа @@ны
гарчигт	гарчиг @@лт
зүлгээр	з @@үлг @@ээр
цааснаас	цаас @@н @@аас
хянах	хянах
шивээсний	ш @@ив @@ээс @@ий
оройгоо	орой @@г @@оо
кабельд	кабель @@д
ишээс	иш @@ээс
судлагчийг	с @@удла @@гч @@ийг
соёлоос	соёл @@оос
тамын	там @@ын
хаалгыг	х @@аа @@лг @@ыг
дэлбэрэлт	дэлбэ @@рэ @@лт
дагавраас	даг @@авр @@аас
сульдаагаар	суль @@д @@аа @@г @@аар
шаардах	шаардах
ашгаас	а @@шг @@аас
бэлгээр	бэлгэ @@ээр
цэнэглэгчээ	цэнэг @@лэ @@гч @@ээ
шилжүүлэх	шил @@жих @@үүлэх
дараалалтай	дараа @@лал @@тай
зүүлтийг	з @@үүлэх @@лт @@ийг
сайжруулалтын	с @@айжр @@уулах @@лт @@ын
зураглаачтай	зураг @@лаач @@тай
завсарлагын	завсар @@лаг @@ын
уяанаас	уяа @@н @@аас
зааварчилгаатай	з @@аав @@аар @@члах @@гаа @@тай
гичийгээ	гичий @@г @@ээ
хямралд	х @@ямралд
багтаамжаас	б @@агт @@аа @@мж @@аас
зорилгоо	з @@орилгоо
шивэгчнээр	ш @@ивэг @@чин @@ээр
зулайн	зулай @@н
хормын	хор @@м @@ын
ялгаатай	ял @@гаа @@тай
тулаанд	тул @@аа @@нд
янзын	янз @@ын
харилцууртай	х @@ари @@лц @@уур @@тай
зангааг	занга @@аг
урлалын	ур @@лал @@ын
бондыг	бонд @@ыг
өөд	өө @@д
ээжээ	ээж @@ээ
харшилдааныг	харш @@илда @@аан @@ыг
шинжлэгчээ	шинж @@лэ @@гч @@ээ
бүжигчин	бүжиг @@чин
зайгаа	зай @@гаа
нумаа	нум @@аа
өлсгөлөнгийн	өлс @@гөлөн @@г @@ийн
зөвшөөрлийн	зөв @@ш @@өөр @@л @@ийн
өдөрт	өдөр @@лт
сүргээс	сүр @@г @@ээс
чангарлаас	чанга @@рл @@аас
махаа	мах @@аа
буудлагаас	буу @@длаг @@аас
хувиралд	х @@увиралд
чагнаалтай	ч @@агн @@аа @@л @@тай
ялгаанаас	ял @@гаа @@аас
эрдэмтэн	эрдэм @@тэн
мэнгийг	м @@энг @@ийг
заагчийн	з @@аа @@гч @@ийн
туяатай	туяа @@тай
зохицлын	з @@охицл @@ын
хэлэлцүүлгээр	хэл @@элц @@үүлэх @@г @@ээр
зарлалтай	зар @@лал @@тай
хэтрэлт	хэт @@рэ @@лт
шуургыг	ш @@уур @@г @@ыг
гудастай	гудас @@тай
зохис	з @@охис
боловсролд	б @@оловсролд
шүлсэвчээр	шүлс @@эвч @@ээр
лимбэдтэл	лимбэ @@дтэл
шарханд	шарх @@аан @@д
болох	болох
салалтын	сал @@аа @@лт @@ын
эмчээр	эмч @@ээр
тогоочоор	тогооч @@оор
гавьяагаар	гавьяа @@г @@аар
цамхгаа	ц @@амх @@гаа
тогоочоо	тогооч @@оо
өвдөг	өвдөг
бассейнтай	бассейн @@тай
хувьцаанд	хувь @@цаа @@нд
бүлэх	бүлэх
барьцалдааны	бар @@ьцалд @@аа @@ны
цацгаас	ц @@ацг @@аас
үдэшлэгтэй	үдэшлэг @@тэй
хонхтой	хонх @@той
томоос	том @@оос
сүйрэл	сүй @@рэл
нийлгийг	ий @@лг @@ийг
гэрээтэй	гэрээ @@тэй
тэлэлтийг	тэл @@лэх @@лт @@ийг
бөөндтөл	бөөн @@дтөл
хариуцагчаар	хариу @@ца @@гч @@аар
амраа	ам @@р @@аа
хотжуулал	хот @@жих @@уулах @@л
уйтгарын	уйтгар @@ын
пуужингаар	пуужин @@г @@аар
чөмгөө	ч @@өмг @@өө
продакшныг	продакшн @@ыг
чанга	чанга
гомдолтой	го @@мдол @@той
хэлмэгдүүл	хэл @@мэгд @@үүлэх
шинжид	шинж @@ид
овоолмогц	овоо @@лмогц
намартай	намар @@тай
ухаарлын	ух @@аар @@л @@ын
чийгээ	чийг @@ээ
нүхлэх	нүх @@лэх
цуургаа	цуурга @@аа
цогцолбортой	цог @@цолбор @@той
бадминтоныг	бадминтон @@ыг
цуурайгаар	цуурай @@г @@аар
даруулгаа	даруу @@л @@гаа
хөгт	хөг @@лт
нисгэгч	н @@исгэ @@гч
дүнгийн	дүн @@г @@ийн
жороо	жор @@оо
эзэгнэл	э @@зэгнэл
шүртэй	шүр @@тэй
тармуур	тар @@муур
хэмнэлтээр	хэм @@нэ @@лт @@ээр
дэмжигчээ	дэм @@жих @@гч @@ээ
айдастай	айдас @@тай
найдлагын	на @@йдлаг @@ын
үгүйсгэлтэй	үгүй @@сгэл @@тэй
дурсамжийн	дур @@са @@мж @@ийн
зураглалаар	зураг @@лал @@аар
пивоноос	пиво @@н @@оос
костюмтай	костюм @@тай
барьсан	б @@арьс @@аан
гүйлтээ	гүй @@лт @@ээ
цамцаа	цамц @@аа
хараагаа	х @@араа @@гаа
хөдлөл	х @@өдлөл
бүтээгдэхүүний	б @@үт @@ээ @@гдэх @@ий
эзэмших	эзэ @@мших
ястай	яс @@тай
дугтуйд	дугтуй @@д
оромжтой	ором @@жих @@той
эмнэлэгтэй	эм @@нэ @@лэг @@тэй
нийлбэрийн	ий @@лбэр @@ийн
түрийвчтэй	түрийвч @@тэй
савлуураа	сав @@л @@уур @@аа
шүүсээ	шүүс @@ээ
хуримаас	хурим @@аас
шилбэнээс	шилбэ @@н @@ээс
сэргээлтээ	с @@эрг @@ээ @@лт @@ээ
дохио	дохио
мэргэжилтэнтэй	мэргэ @@жих @@лт @@эн @@тэй
адгуус	адгуус
сэтгэгдлийн	с @@этгэгдл @@ийн
сонгинод	сонгино @@д
үймэх	үймэх
захианд	захиа @@нд
туйлбаргүй	туйл @@бар @@гүй
гайхлыг	гай @@хл @@ыг
дүнд	дүн @@д
ондооших	ондоо @@ших
үрчлээнээс	үр @@чл @@ээ @@н @@ээс
фокусаас	фокус @@аас
мэргэжилтнээр	мэргэ @@жих @@лтн @@ээр
сейфээс	сейф @@ээс
насанд	нас @@аан @@д
үнэлэх	үнэ @@лэх
хатуужилд	хатуу @@жих @@лд
худалдаачинтай	худал @@д @@аа @@чин @@тай
тооцооны	тоо @@цооны
гялтгануураа	гял @@тг @@аан @@уур @@аа
жүжгийн	ж @@үжг @@ийн
замаас	зам @@аас
өмгөөлөх	өмгөөлөх
холболттой	хол @@бо @@лт @@той
охинд	охин @@д
зулгаамагц	зулгаа @@магц
технологи	технологи
мултлах	мулт @@лах
сүүний	сүү @@ий
шөрмөснөөс	шөрмөс @@өөс
уячих	уя @@чих
ёроолоос	ёроол @@оос
тавилгын	тав @@илг @@ын
хараатай	х @@араа @@тай
хавтангийн	хавтан @@г @@ийн
тогтворжуулалтаар	тогт @@вор @@жих @@уулах @@лт @@аар
шивэгчинд	шивэгчин @@д
эсэргүүцлээ	эс @@эргүүцл @@ээ
үүлээр	үүл @@ээр
цардуулын	ц @@ард @@уулах @@ын
шөнөө	шөнө @@ө
хувьсгагчаа	хувь @@сга @@гч @@аа
шинжлэгч	шинж @@лэ @@гч
даяаршив	даяар @@шив
тэмцэгчийг	т @@эмцэ @@гч @@ийг
зуршлын	з @@уршл @@ын
оосроо	оос @@р @@оо
оролдлого	ор @@олдлого
сургамжаа	с @@урга @@мж @@аа
цэнгүүнээс	цэнг @@үүн @@ээс
хавчийг	хавч @@ийг
зуучлагчийг	зууч @@ла @@гч @@ийг
нухцыг	н @@ухц @@ыг
сэтгүүл	с @@этг @@үүлэх
жадаа	жад @@аа
шалтгаанд	ша @@лт @@гаа @@д
зан	зан
гөрөөгөө	гөрөө @@г @@өө
сонгинын	сон @@гин @@ын
ирвэгэнэх	ирвэг @@энэх
сүүдрэвчийг	сүү @@дрэвч @@ийг
дэнлүүгээр	дэнлүү @@г @@ээр
хөдөлгүүрийг	х @@өдөлг @@үүр @@ийг
төгөл	төгөл
туслах	тус @@лах
хяналтаар	х @@яна @@лт @@аар
хүсэлттэй	х @@үсэлт @@тэй
шүршигчийн	шүр @@ши @@гч @@ийн
таргатай	тарга @@тай
шившгийн	ш @@ившг @@ийн
тохирооны	т @@охирооны
шаталтаар	шат @@аа @@лт @@аар
маргах	маргах
хоньчноос	хонь @@чин @@оос
самаа	сам @@аа
үзүүрийн	үзүүр @@ийн
зүүдээс	зүүд @@ээс
булдруунд	булдруу @@нд
чангаралтай	чанга @@рал @@тай
элементээр	элемент @@ээр
бурхантай	бурхан @@тай
бартаанаас	бартаа @@н @@аас
хагаралд	хаг @@аралд
чагнах	чагнах
эслэгээ	эс @@лэг @@ээ
байгууламжийг	бай @@г @@уулах @@мж @@ийг
бэхжилтээ	бэх @@жих @@лт @@ээ
иогоо	иог @@оо
хувирал	х @@увирал
хөөрөлтийг	хөөр @@ө @@лт @@ийг
жадаар	жад @@аар
гадилд	гадил @@д
түгэлгүй	т @@үгэл @@гүй
ишлэх	иш @@лэх
цохилгүй	ц @@охил @@гүй
давталтад	д @@авталтад
уртрагаас	урт @@раг @@аас
туулайнаас	туулай @@н @@аас
залгаврыг	з @@алгавр @@ыг
урамшуулалд	урам @@ш @@уулах @@лд
кофейноор	кофейн @@оор
огтлолцлоос	огт @@лолцл @@оос
интернет	интернет
бамбараа	бамбар @@аа
майхнаас	м @@айхн @@аас
захих	захих
цочоох	ц @@очоох
дайралтаас	д @@айра @@лт @@аас
ээтийе	ээ @@лт @@ий @@е
горьдлого	горь @@длого
чагтны	чагт @@ны
хорох	хорох
хатуу	хатуу
залхуурлаар	залхуу @@рл @@аар
хувилбараас	хувил @@бар @@аас
гууны	гуу @@ны
жуулчин	жуулчин
хаалгачаас	х @@аа @@лга @@аас
зүрхээс	зүрх @@ээс
ядах	ядах
капиталын	капитал @@ын
хүчилтөрөгчөө	хүчил @@төрөгч @@өө
бэрхшээлээс	бэрх @@шээл @@ээс
цайтай	цай @@тай
үзүүр	үзүүр
засварчин	з @@асвар @@чин
оюутанд	оюу @@тан @@д
сондгойрчих	сондгой @@р @@чих
уяв	уяв
мэдэгдлийн	м @@эдэгдл @@ийн
орлогоо	ор @@лог @@оо
тэмцээний	тэмцээн @@ий
ангилалтаас	анги @@ла @@лт @@аас
цооногоо	цооног @@оо
чинээлэх	чинээ @@лэх
барьцаа	бар @@ьц @@аа
дурдатгал	дур @@датгал
отрядын	отряд @@ын
дагавар	даг @@авар
хэлээ	хэл @@ээ
ургийн	ур @@г @@ийн
хорвоо	хорвоо
гачигдлыг	га @@чиг @@дл @@ыг
удирдамжийг	у @@дирда @@мж @@ийг
маргааны	м @@аар @@гаа @@ы
итгэлээр	и @@тгэл @@ээр
чавганы	чавга @@ны
шинжилгээнд	шинж @@илг @@ээ @@нд
даргыг	д @@арг @@ыг
зааварчилгаанд	з @@аав @@аар @@члах @@гаа @@д
ходоодонд	ходоод @@онд
үнэмшлээ	үнэ @@мшл @@ээ
доожоо	доожоо
биологийг	биологи @@йг
манангийн	манан @@г @@ийн
барингаа	барих @@нгаа
эхлэлээ	эх @@лэл @@ээ
харамсал	х @@арамсал
хөнөөлтэй	хөн @@өө @@л @@тэй
завхайрах	завхай @@рах
тасралаар	тас @@рал @@аар
шүүдрээс	ш @@үүдр @@ээс
саваар	сав @@аар
өвөөг	өвөө @@г
таалах	таалах
найдварын	на @@йдвар @@ын
явдлын	я @@вдл @@ын
зовлонд	з @@овлонд
мандолины	мандолин @@ы
талийгчид	тал @@ийг @@чид
системээс	систем @@ээс
будаг	б @@удаг
ханшаас	ханш @@аас
сийрэгжих	сийрэг @@жих @@х
тосгууртай	тос @@гуур @@тай
скауттай	скаут @@тай
ширээнээс	ширээ @@н @@ээс
завхайралд	завхай @@ралд
зохицох	зохицох
шүглийг	ш @@үгл @@ийг
хөнөөх	хөнөөх
глюкозоос	глюкоз @@оос
семинарыг	семинар @@ыг
хагарлаа	хаг @@арл @@аа
дасгалтай	дасгал @@тай
дохионоос	дохио @@н @@оос
харшилдаанаар	харш @@илда @@аан @@аар
олборлолт	ол @@бор @@ло @@лт
гоё	гоё
хормойтой	хормой @@той
кредиттэй	кредит @@тэй
саунтай	саун @@тай
орчуулгаас	ор @@чуулга @@ас
үнэрээр	үнэр @@ээр
тэнүүлийн	тэн @@үүлэх @@ийн
эргүүгийн	эр @@гүүг @@ийн
соруулаас	сор @@уулах @@аас
торнилгүй	тор @@нил @@гүй
хөлсөнд	хөлс @@өнд
гохыг	гох @@ыг
арилжаагаар	ари @@л @@жих @@аа @@г @@аар
чансаанаас	чансаа @@н @@аас
том	том
туршлагатай	т @@урш @@лага @@тай
биед	бие @@д
шүгэлд	ш @@үгэлд
барьцалдаагаар	бар @@ьцалд @@аа @@г @@аар
холбоосоор	хол @@б @@оос @@оор
хөхрөлт	хөх @@рө @@лт
агшаалт	агш @@аа @@лт
индүүдлэгээс	индүү @@д @@лэг @@ээс
дэлбэрэх	дэлбэрэх
огторгуйгаа	огторгуй @@гаа
тогтолцоог	т @@огтолцоог
экватораас	экватор @@аас
ичээтэй	ич @@ээ @@тэй
хувьцаанаас	хувь @@ца @@аан @@аас
түвшнээр	т @@үвшн @@ээр
байдлаас	бай @@дл @@аас
хэмжүүрээр	хэм @@жих @@үүр @@ээр
найдлага	на @@йд @@лага
баяртай	баяр @@тай
шээстэй	шээс @@тэй
ажиллалаа	ажил @@лал @@аа
бөглөрлийг	б @@өглөрл @@ийг
тууралтаас	т @@уур @@аа @@лт @@аас
найраас	найр @@аас
өмхийээс	өмхий @@ээс
дүрвэх	дүрвэх
сүрд	сүр @@д
хийлийн	хийл @@ийн
сэлмийг	с @@элм @@ийг
гуунаас	гуу @@н @@аас
төрөлд	төрөл @@д
суутгалаар	с @@уут @@гал @@аар
хэлэлцэгчийн	хэл @@элцэ @@гч @@ийн
намаг	намаг
ухралтаар	у @@хра @@лт @@аар
зүүлтээр	з @@үүлэх @@лт @@ээр
өмгөөлөлд	өмг @@өө @@лөлд
сүсэгтэй	сүсэг @@тэй
шинэтгэлээ	шинэ @@тгэл @@ээ
үндэслэлтэй	үндэс @@лэл @@тэй
хэрүүлийг	хэрүүл @@ийг
нөхрийн	нө @@хр @@ийн
шинжийг	шинж @@ийг
тэргүүлэгчийг	т @@эрг @@үүлэх @@гч @@ийг
зохиомжоо	з @@охио @@мж @@оо
бухимдал	б @@ухимдал
маркаас	марк @@аас
өндөгтэй	өндөг @@тэй
эрлийн	эр @@л @@ийн
нөхвөртэй	нөх @@вөр @@тэй
үрчийсэн	үр @@ч @@ий @@сэн
банзлаа	банз @@л @@аа
шүүмжлэгч	ш @@үү @@мж @@лэ @@гч
зарлагаар	зар @@лаг @@аар
дахилтын	д @@ахилт @@ын
хөтөлбөрөө	хөтөл @@бөр @@өө
зөвлөгөөнөөр	зөв @@лөг @@өө @@н @@өөр
ажиглагчаар	а @@жих @@гла @@гч @@аар
урлалаас	ур @@лал @@аас
амьтанд	амь @@тан @@д
үстэй	үс @@тэй
инээдмээс	инээд @@м @@ээс
тороор	тор @@оор
бутралаар	бут @@рал @@аар
чамархайгаар	чамархай @@г @@аар
хулгай	хулгай
тоомжиргүй	тоо @@мж @@р @@гүй
инженерт	инженер @@лт
талтай	тал @@тай
сонордуулах	сонор @@д @@уулах
ээж	ээж
чидун	чидун
ухааралтай	ух @@аар @@ал @@тай
хөгжимчнөө	хөгжим @@чин @@өө
турниктэй	турник @@тэй
роман	роман
хардлагад	х @@ард @@лага @@д
хөхөвчөөр	хөх @@өвч @@өөр
гадраа	г @@адр @@аа
биширэх	б @@иш @@ирэх
гишүүнд	гишүүн @@д
хэлэлцүүлгийг	хэл @@элц @@үүлэх @@г @@ийг
амьдрах	амь @@драх
ялгалтын	ял @@га @@лт @@ын
хуудуу	х @@уу @@дуу
цамхгаас	ц @@амхг @@аас
зоодойгоос	зоодой @@г @@оос
оролцох	ор @@олцох
хайрсаа	хайрс @@аа
бэлхүүсэнд	бэлхүүс @@энд
мэхлэгчид	мэх @@лэ @@гч @@д
гуниглал	гуниг @@лал
бүлэгт	бүлэг @@лт
бармен	бармен
таазаар	тааз @@аар
уяхан	уях @@аан
дүнтэй	дүн @@тэй
ноогдлоор	но @@огдл @@оор
суултуураа	с @@уулах @@лт @@уур @@аа
нөхөрлөлөөр	нөхөр @@лөл @@өөр
ядаргаанд	я @@дар @@гаа @@д
цэвэрлэгээгээ	цэвэр @@лэг @@ээ @@г @@ээ
дэмжигчийн	дэм @@жих @@гч @@ийн
тээвэрлэлтээс	т @@ээ @@вэр @@лэх @@лт @@ээс
өнгөө	өнгө @@ө
эвдчээ	эв @@дч @@ээ
агуулахаа	агуу @@лах @@аа
хариултад	хариу @@лт @@ад
бартаанд	бартаа @@нд
найдвараа	на @@йдвар @@аа
мастераар	мастер @@аар
ухагдахуунтай	ухагдах @@уун @@тай
нислэгийн	нис @@лэг @@ийн
шувуунаас	шувуу @@н @@аас
авиа	авиа
эрмэлзлээ	эр @@мэлзл @@ээ
үтрээнд	үтрээ @@нд
хонхны	хонх @@ны
наманчлал	наманч @@лал
хиамаар	хиам @@аар
тоншуулаа	тон @@ш @@уулах @@аа
байгууламжаа	бай @@г @@уулах @@мж @@аа
гэрчид	гэрч @@ид
савлуурт	сав @@л @@уур @@лт
лавлагаанаас	лав @@ла @@гаа @@аас
үснээс	үс @@н @@ээс
араншингаар	араншин @@г @@аар
дэлгүүрээ	дэл @@гүүр @@ээ
этүүр	этүүр
клубээ	клуб @@ээ
дургүйцлээс	дур @@гүй @@цл @@ээс
оптимизмтой	оптимизм @@той
айзмыг	ай @@зм @@ыг
ачлалаа	ач @@лал @@аа
чийгшлээр	чийг @@шл @@ээр
хувьсгагчийг	хувь @@сга @@гч @@ийг
хуульчид	хууль @@чид
намрын	на @@мр @@ын
зулгаацгаа	зул @@гаа @@ц @@гаа
улангираа	улангир @@аа
будаанд	будаа @@нд
түйвээнийг	т @@үйв @@ээ @@н @@ийг
эвслээ	эв @@сл @@ээ
түйвээнтэй	т @@үйв @@ээ @@н @@тэй
цементээ	цемент @@ээ
туслалцааг	тус @@лалц @@аа @@г
адгуусаа	адгуус @@аа
иллэгээр	ил @@лэг @@ээр
бодролоо	б @@одролоо
угаалтуураар	у @@гаа @@лт @@уур @@аар
савантай	саван @@тай
бахиудчих	бах @@иуд @@чих
гуйлгачнаас	г @@уйлга @@чин @@аас
аргаас	ар @@г @@аас
зүй	зүй
адмиралд	адмирал @@д
тэргүүн	тэргүүн
курсээс	курс @@ээс
хөндийрөх	хөндий @@рөх
таамаглалаа	таа @@маглал @@аа
тахны	тах @@ны
гортигтой	гортиг @@той
дохиогоо	дохио @@г @@оо
хамаа	хамаа
үрлээр	үр @@л @@ээр
уршгаар	ур @@шг @@аар
чийдэнг	чийдэн @@г
цемент	цемент
дарангуйллаар	дара @@нгуй @@лл @@аар
хэрэгцээгээр	хэрэг @@ц @@ээ @@г @@ээр
зүүлтээ	з @@үүлэх @@лт @@ээ
цондонг	цондон @@г
мөчрийн	мөч @@р @@ийн
жоотуу	жоотуу
боломжид	б @@оло @@мж @@д
салтааны	салтаа @@ны
зөөгч	з @@өө @@гч
үймээнээр	үй @@м @@ээ @@н @@ээр
суултуураас	с @@уулах @@лт @@уур @@аас
командлагчийг	команд @@ла @@гч @@ийг
шоргоолжноос	шоргоолж @@н @@оос
сүлжээтэй	сүл @@жих @@ээ @@тэй
авьяастнаас	авьяас @@тан @@аас
салтаатай	салтаа @@тай
дэвшлээ	д @@эвшл @@ээ
мөчлөгийн	мөч @@лөг @@ийн
тааз	тааз
организмын	организм @@ын
төлөөлөгчид	төлөө @@лө @@гч @@д
тарилгатай	т @@ари @@лга @@тай
эрэгчин	эрэг @@чин
элэгтэй	элэг @@тэй
совин	совин
шугамд	шугам @@д
түвшинд	түвшин @@д
засвараар	з @@асвар @@аар
заанаар	заан @@аар
хэлэлцүүлэх	хэл @@элц @@үүлэх
хавтастай	хавтас @@тай
унаганы	унага @@ны
үсгээр	үс @@г @@ээр
гүжирдлэгтэй	гүжир @@д @@лэг @@тэй
зовлонгоос	з @@овлонг @@оос
үзэгчээр	ү @@зэ @@гч @@ээр
теннисээ	теннис @@ээ
хоршлыг	хор @@шл @@ыг
шаналгаа	шан @@ал @@гаа
бүтээгдэхүүнээр	б @@үт @@ээ @@гдэх @@н @@ээр
дээвэрт	дээвэр @@лт
барцдаар	бар @@цд @@аар
солионоос	солио @@н @@оос
үймээний	үй @@м @@ээ @@ий
бууруулах	буу @@р @@уулах
зөөгчтэй	з @@өө @@гч @@тэй
цохиог	цох @@иог
өвөрлөлгүй	өвөр @@лөл @@гүй
төлөг	төлөг
хоцрогчоос	х @@оцро @@гч @@оос
хаалгачийг	х @@аа @@лга @@ийг
үүргэвчнээс	үүр @@гэв @@чин @@ээс
санамжид	сан @@аа @@мж @@д
нүүрстөрөгчөө	нүүрс @@төрөгч @@өө
сорилтоор	сори @@лт @@оор
бугуйнаас	бугуй @@н @@аас
мэндчилгээнд	мэнд @@члах @@г @@ээ @@нд
эндүүрлээр	энд @@үүр @@л @@ээр
далай	далай
хальсны	хальс @@ны
шуугианаа	ш @@уу @@ги @@аан @@аа
махлагийн	мах @@лаг @@ийн
гуйвах	гуйвах
мэрийлтээ	м @@ээр @@ий @@лт @@ээ
өвчтөнийг	өв @@чтөн @@ийг
цуурайтах	цуурай @@тах
гахиураа	гахиур @@аа
хүүхэдтэй	хүүхэд @@тэй
барих	барих
цуглуулагчийг	цуг @@л @@уулах @@гч @@ийг
текстээс	текст @@ээс
эвсэлтэй	эв @@сэл @@тэй
тогтоох	т @@огтоох
шүдийг	шүд @@ийг
тариачнаар	т @@ари @@аа @@чин @@аар
сийрэгжээсэй	сийрэг @@жих @@ээс @@эй
хуульч	хууль @@ч
гадрыг	г @@адр @@ыг
жор	жор
яаманд	яам @@аан @@д
шатаар	шат @@аар
царайтай	царай @@тай
дэлээ	дэл @@ээ
халамжтай	халамж @@тай
өсгөлт	өсгө @@лт
зэмлэлээс	зэм @@лэл @@ээс
геологиос	геологи @@ос
таслалт	тас @@ла @@лт
эгчээс	эгч @@ээс
керамик	керамик
дүнз	дүнз
цайны	цай @@ны
сүргийн	сүр @@г @@ийн
тохиол	т @@охиол
арслангаас	арслан @@г @@аас
нэмэгдлийн	нэ @@мэгдл @@ийн
хоосортол	х @@оосор @@тол
сүрдүүлэгт	сүр @@д @@үүлэх @@гт
бутнаас	бут @@н @@аас
хуйлах	хуй @@лах
капитализмаар	капитализм @@аар
хөгжлөөс	хөг @@жих @@л @@өөс
ажиллагаанаас	ажил @@ла @@гаа @@аас
цомогт	цомог @@лт
бодлогогүй	б @@одлого @@гүй
ястнаар	яс @@тан @@аар
олборлолтоо	ол @@бор @@ло @@лт @@оо
цочролоос	ц @@очрол @@оос
хөрөг	хөрөг
салалт	сал @@аа @@лт
уусах	уусах
гадаргын	гадар @@г @@ын
уурагт	уураг @@лт
хормойноос	хормой @@н @@оос
галзуурлаар	галзуу @@рл @@аар
анхаарлаар	анх @@аар @@л @@аар
скаутын	скаут @@ын
найрамдалд	найр @@амдалд
жүчээ	жүчээ
эзэнтэй	эзэн @@тэй
маркетингаар	маркетинг @@аар
тариураар	тар @@иур @@аар
масло	масло
эвдрэлийн	эв @@дрэл @@ийн
хорголжоос	хорголж @@оос
төвлөрүүлэлтийн	төв @@лөр @@үүлэх @@лт @@ийн
хөршөөр	хөрш @@өөр
философич	философи @@ч
нотолгоо	но @@толг @@оо
дуультай	дууль @@тай
төлөгчөөс	төлөг @@ч @@өөс
хоршлын	хор @@шл @@ын
гахиур	гахиур
хүндэтгэлгүй	хүнд @@этгэл @@гүй
цондонгоор	цондон @@г @@оор
коммунизмоос	коммунизм @@оос
нөхрийг	нө @@хр @@ийг
саадаас	саад @@аас
түрүүгээр	түрүү @@г @@ээр
уриалгаар	ур @@иалг @@аар
уриалгаа	ур @@иал @@гаа
үүсгэлээс	үү @@сгэл @@ээс
хүүхэлдэйг	хүү @@хэлдэйг
тамганд	тамга @@нд
онцгой	онцгой
урилга	ур @@илга
шүүх	шүүх
ялгааг	я @@гаа
цөхрөлөө	ц @@өхрөл @@өө
сануулгын	сан @@уулах @@г @@ын
тоог	тоо @@г
дугуйтай	дугуй @@тай
дамжаанд	дам @@жих @@аа @@нд
автобусаар	автобус @@аар
ахицын	ах @@иц @@ын
мөргөлдөөнөөс	мөр @@гөлд @@өө @@өөс
сав	сав
доромжлох	доромж @@лох
илчлэлт	ил @@члэ @@лт
академид	академи @@д
дүнзээс	дүнз @@ээс
статистикт	статистик @@лт
солбицчих	с @@олбиц @@чих
эмээс	эм @@ээс
амсах	ам @@сах
ургамалтай	ур @@гамал @@тай
сэв	сэв
аймгийг	ай @@мг @@ийг
сандалд	сандал @@д
материализмаа	материализм @@аа
тав	тав
андаас	анд @@аас
харшилдаан	харш @@илда @@аан
голиотой	голио @@той
хэвшлээр	хэв @@шл @@ээр
буурцагт	буурцаг @@лт
сэнсээс	сэнс @@ээс
шрифтээр	шрифт @@ээр
төлөгчид	төлөг @@чид
бясалгал	бя @@салга @@л
асфальттай	асфальт @@тай
сэрвээгээр	сэрвээ @@г @@ээр
шонтой	шон @@той
оптимизмоос	оптимизм @@оос
гоймонтой	гоймон @@той
мансуурлаас	м @@анс @@уур @@л @@аас
драмын	драм @@ын
хандлага	х @@анд @@лага
үнэлэмж	үнэ @@лэ @@мж
чансаа	чансаа
таргалалтаас	тарга @@ла @@лт @@аас
хөндийрүүл	хөндий @@р @@үүлэх
урагшилмаар	урагш @@илм @@аар
тодорхойлолтоос	тод @@орхойло @@лт @@оос
линзтэй	линз @@тэй
нотолгоог	но @@толгоог
медальтан	медаль @@тан
түрийвчээр	түрийвч @@ээр
өсөх	өсөх
хавчлагаас	хавч @@лаг @@аас
үйлдвэрлэх	үйл @@д @@вэр @@эх
шүүртэй	шүүр @@тэй
даруулд	даруу @@лд
өвөр	өвөр
зугаалгыг	зугаа @@лг @@ыг
зэвээс	зэв @@ээс
хардлага	х @@ард @@лага
шуурганы	ш @@уурга @@ны
хэлэлцэгчид	хэл @@элцэ @@гч @@д
холбоог	хол @@боог
өргөргөө	өр @@гөрг @@өө
хувцастай	хувцас @@тай
чоноор	чоно @@оор
ойлтоос	ой @@лт @@оос
дэлгүүр	дэл @@гүүр
цардуул	ц @@ард @@уулах
чухалчлах	чухал @@ч @@лах
хариуг	хариу @@г
агаараа	агаар @@аа
бэрийг	бэр @@ийг
кофейн	кофейн
улирал	ул @@ирал
хэрүүлээ	хэрүүл @@ээ
дэнсийг	дэнс @@ийг
луустай	луус @@тай
дэлгэцийг	дэл @@гэц @@ийг
даруулын	даруу @@л @@ын
гийчнээр	гий @@чин @@ээр
өрөөгөөр	өрөө @@г @@өөр
өвдөлт	өв @@дө @@лт
хий	хий
илгээмжийн	ил @@г @@ээ @@мж @@ийн
гялтгануурыг	гял @@тг @@аан @@уур @@ыг
харилцуурыг	х @@ари @@лц @@уур @@ыг
шийдвэрээр	шийд @@вэр @@ээр
зугталт	з @@угта @@лт
хэлтэрхий	хэлтэ @@рхий
шалгах	шалгах
далдлалтаа	далд @@ла @@лт @@аа
арлаар	ар @@л @@аар
эвдэх	эвдэх
гэлэнмаатай	гэлэн @@м @@аа @@тай
бичилтэд	би @@члах @@тэд
дүнгээр	дүн @@г @@ээр
томууг	томуу @@г
өгзөг	өгзөг
тайрдаснаас	тай @@рдасн @@аас
ордон	орд @@он
ястнаа	яс @@тан @@аа
хигээс	хигээс
чимхүүрийг	ч @@имх @@үүр @@ийг
аминд	ам @@инд
савсагнах	савсагнах
цэрдтэй	цэрд @@тэй
үтрээнээс	үтрээ @@н @@ээс
хандивлагч	хандив @@ла @@гч
чөтгөрөө	чөтгөр @@өө
хөргүүрээс	х @@өрг @@үүр @@ээс
дуализмаар	дуализм @@аар
жигнэмгээс	жиг @@нэмг @@ээс
сүргээр	сүр @@г @@ээр
жаягаас	жаяг @@аас
зэврэх	зэв @@рэх
үзүүлэлтээс	үз @@үүлэх @@лт @@ээс
хувирлын	х @@увирл @@ын
хөнгөлөх	хөн @@гөлөх
кинонд	кино @@нд
хүүхдээр	хүү @@хд @@ээр
зарчмаар	зар @@чм @@аар
хасагдагчаар	х @@асагда @@гч @@аар
тонох	тонох
дайснаас	д @@айсн @@аас
бэсрэгээс	бэсрэг @@ээс
удамшлын	удам @@шл @@ын
хөх	хөх
зөрчилтэй	зөр @@члах @@тэй
задралаа	зад @@рал @@аа
нийлгээ	ий @@лг @@ээ
дэнлүүний	дэнлүү @@ий
улангирт	улангир @@лт
даяаршдаг	даяар @@шдаг
түйвээнээ	т @@үйв @@ээ @@н @@ээ
журмаас	ж @@урм @@аас
харшилдааны	харш @@илд @@аа @@ны
хэрчмийг	х @@эрчм @@ийг
угсралттай	у @@гсра @@лт @@тай
дэвүүрт	дэв @@үүр @@лт
зааварчилах	з @@аав @@аар @@члах @@ах
исэлдэлтээ	исэл @@дэ @@лт @@ээ
хольцоо	хол @@ьц @@оо
таамаглал	таа @@маглал
адмиралаар	адмирал @@аар
диаметр	диаметр
нийлэмж	ий @@лэ @@мж
мяндаснаас	мяндас @@н @@аас
онол	он @@ол
цуглуулагчаас	цуг @@л @@уулах @@гч @@аас
огтлолцолтой	огт @@лолцол @@той
ариутгалтай	ари @@утга @@л @@тай
чадавхи	ч @@адавхи
эхнэртэй	эхнэр @@тэй
хаг	хаг
хананы	хана @@ны
аймшиг	аймшиг
дагавраар	даг @@авр @@аар
эгч	эгч
бөөндөх	бөөн @@дөх
ангаахайнаас	ангаахай @@н @@аас
хурдатгалын	хурд @@атга @@л @@ын
өргөлтөөс	өр @@гө @@лт @@өөс
түгжээгээ	түг @@жих @@ээ @@г @@ээ
бүсгүйтэй	бүсгүй @@тэй
туршилт	тур @@шил @@лт
капсулд	капсул @@д
ширээсээр	ширээс @@ээр
ахыг	ах @@ыг
барьцалдаанаас	бар @@ьцалда @@аан @@аас
жүжгийг	ж @@үжг @@ийг
толгойлогчийг	толгой @@ло @@гч @@ийг
оношноос	онош @@н @@оос
оролдлогоос	ор @@олдлог @@оос
үхлээ	үхл @@ээ
хортой	хор @@той
олборлолтын	ол @@бор @@ло @@лт @@ын
эрдэмтэнтэй	эрдэм @@тэн @@тэй
хариулт	хариу @@лт
жүжигчнээр	жүжиг @@чин @@ээр
үргээгчийг	үр @@г @@ээ @@гч @@ийг
угаалтууртай	у @@гаа @@лт @@уур @@тай
сүйтэй	сүй @@тэй
дурдатгах	дур @@датгах
хугацаанд	хугацаа @@нд
экологид	экологи @@д
шинжлэгчээр	шинж @@лэ @@гч @@ээр
цацрагтай	ц @@ацраг @@тай
дуудлагаа	дуу @@дла @@гаа
тоолуурыг	тоо @@л @@уур @@ыг
амуутай	амуу @@тай
хадгалалтыг	х @@адгала @@лт @@ыг
халдах	халдах
оромжийн	ором @@жих @@ийн
гэрээ	гэрээ
үерхлээс	үер @@хл @@ээс
түгжих	түгжих
хүчнээс	хүч @@н @@ээс
дургүйцэлд	дур @@гүй @@цэлд
дэрээс	дэр @@ээс
хүдэрт	хүдэр @@лт
амрагт	ам @@рагт
жишигтэй	жих @@шиг @@тэй
нийгэмлэгийг	нийгэм @@лэг @@ийг
даруулаа	даруу @@л @@аа
савхинд	савхи @@нд
хүрээний	хүр @@ээ @@ий
тээврээс	т @@ээ @@вр @@ээс
зүүлттэй	з @@үүлэх @@лт @@тэй
шуудайд	шуудай @@д
зөрчилдөөний	зөр @@члах @@д @@өө @@ий
цементэд	цемент @@эд
хууралт	хуур @@аа @@лт
зохицуулагчаар	з @@охиц @@уулах @@гч @@аар
урвалын	ур @@вал @@ын
ботаникт	ботаник @@лт
сэргэх	сэргэх
гялтгануураар	гял @@тг @@аан @@уур @@аар
хоршил	хор @@шил
анализын	анализ @@ын
ордныг	орд @@н @@ыг
бээлийгээ	бээлий @@г @@ээ
байшингаа	байшин @@гаа
савхиар	савхи @@аар
болзлын	б @@олзл @@ын
чадвартай	ч @@адвар @@тай
хадаасны	х @@ад @@аас @@ны
бүс	бүс
командлагч	команд @@ла @@гч
тоолох	тоолох
бүрэлбаатай	бүрэлбаа @@тай
сүрдүүлэгтэй	сүр @@д @@үүлэх @@г @@тэй
шившигт	шившиг @@лт
тармуураас	тар @@муур @@аас
лааз	лааз
жич	жич
товчлолоо	товч @@лол @@оо
хайлтаар	хай @@лт @@аар
зөвлөгөөнд	зөв @@лөг @@өө @@нд
тунхаглалтай	тунхаг @@лал @@тай
сүжигтэй	сүжиг @@тэй
солиорлоо	солио @@рл @@оо
молекулын	молекул @@ын
талбайнаас	талбай @@н @@аас
толгойлогч	толгой @@ло @@гч
жүрж	жүрж
дэлээр	дэл @@ээр
түгжээний	түг @@жих @@ээ @@ий
нисгэгчээс	н @@исгэ @@гч @@ээс
өсөлтөө	өсө @@лт @@өө
илжгэнд	ил @@жих @@гэнд
тив	тив
шулмын	ш @@улм @@ын
бугуйтай	бугуй @@тай
мэргэших	мэргэших
үнэлэмжийн	үнэ @@лэ @@мж @@ийн
оролцоо	ор @@олц @@оо
шошгод	шошго @@д
тусламжаар	тус @@ла @@мж @@аар
таханд	тах @@аан @@д
өргөлттэй	өр @@гө @@лт @@тэй
албадан	алба @@д @@аан
хөөрөлтөд	хөөр @@өлтөд
сэдэвтэй	с @@эдэв @@тэй
эргээ	эр @@г @@ээ
төвлөрөлд	төв @@лөрөлд
цацрагаа	ц @@ацра @@гаа
өөрчлөгч	өөр @@члө @@гч
цөлтэй	цөл @@тэй
давтлагыг	д @@автлаг @@ыг
махнаас	мах @@н @@аас
багтраанд	б @@агтр @@аа @@нд
зогсоолыг	з @@огсоол @@ыг
хасагдагчаа	х @@асагда @@гч @@аа
хүчтэй	хүч @@тэй
тодорхойлолтоо	тод @@орхойло @@лт @@оо
солилцоо	соли @@лцоо
харууслаар	хар @@уус @@л @@аар
цамц	цамц
зөрчилдөх	зөр @@члах @@дөх
хөлгөөс	хөл @@г @@өөс
таглааг	таг @@лааг
олиггүй	о @@лиг @@гүй
донсолгоотой	дон @@солг @@оо @@той
оргуулын	ор @@гуул @@ын
илбэчин	илбэ @@чин
хорингоо	хор @@инг @@оо
зугтуулд	з @@угт @@уулах @@д
дайнаар	дайн @@аар
цуургатай	цуурга @@тай
трансформаторт	трансформатор @@лт
наадах	наадах
оёдлыг	о @@ёдл @@ыг
продакшнаас	продакшн @@аас
товчлууртай	товч @@л @@уур @@тай
эсээс	эс @@ээс
нүдэнд	нүд @@энд
хөтлөгчийг	х @@өтлө @@гч @@ийг
бичиглэлийн	би @@чиг @@лэл @@ийн
алдартантай	алдар @@тан @@тай
хандивлагчийн	хандив @@ла @@гч @@ийн
хязгаарлалаас	хязгаар @@лал @@аас
удиртгалд	у @@диртгалд
рационализмаар	рационализм @@аар
уйтгар	уйтгар
зөвшилцөх	зөв @@шил @@цөх
биелэл	бие @@лэл
үнээ	үнэ @@лэх
өвөөгийн	өвөө @@г @@ийн
сэнс	сэнс
шаазантай	шаазан @@тай
төлөгч	төлөг @@ч
дүрвэгчийн	д @@үрвэ @@гч @@ийн
аритай	ари @@тай
бижрүүгээр	бижрүү @@г @@ээр
хэлэх	хэлэх
шуурганд	ш @@уурга @@нд
хилэгнэлд	х @@илэгнэлд
ваарчнаа	ваар @@чин @@аа
гунигаас	гуниг @@аас
далайчнаар	далай @@чин @@аар
орчуулга	ор @@чуулга
мэхлэлтийн	мэх @@лэ @@лт @@ийн
харьцах	харьцах
тулгуураа	т @@улг @@уур @@аа
чичирхийлэх	чичирхийлэх
загасчинд	загас @@чин @@д
бүтээх	бү @@тээх
буудлыг	буу @@дл @@ыг
мэрэгчээс	м @@эрэ @@гч @@ээс
зээлээс	зээл @@ээс
чивчүүртэй	чивч @@үүр @@тэй
тэнгисээ	тэнгис @@ээ
гэрт	гэр @@лт
инерц	инерц
овоолмоор	овоо @@лм @@оор
алдагдлаар	а @@лдагдл @@аар
уйтгартай	уйтгар @@тай
дүүжингээр	дүүжин @@г @@ээр
хаанаа	хаан @@аа
захианы	захиа @@ны
манлайлагчаар	манлай @@ла @@гч @@аар
соронзод	с @@оронзод
байнгаар	байнга @@аар
адар	адар
битүүлэгт	битүү @@лэг @@лт
хувь	хувь
фашизм	фашизм
ноогдлоо	но @@огдл @@оо
гивлүүрийг	г @@ивл @@үүр @@ийг
насаар	нас @@аар
шандсыг	шан @@дс @@ыг
зөгнөлийг	з @@өгнөл @@ийг
ёгтлол	ёгт @@лол
тармуураар	тар @@муур @@аар
ноорогтой	н @@оор @@ог @@той
зүйлээ	зүйл @@ээ
хуягтай	хуяг @@тай
угтварын	у @@гтвар @@ын
амралтыг	ам @@ра @@лт @@ыг
төрлөөс	төр @@л @@өөс
түүхтэй	түүх @@тэй
хүртвэрийг	х @@үрт @@вэр @@ийг
өнцгөөр	ө @@нцг @@өөр
тодорхойлолтоор	тод @@орхойло @@лт @@оор
углаашаа	угл @@аа @@ш @@аа
хамартай	хамар @@тай
амууг	амуу @@г
кофейныг	кофейн @@ыг
доргионоос	доргио @@н @@оос
чихний	чих @@ий
шөлний	шөл @@ий
суултуурт	с @@уулах @@лт @@уур @@лт
боломжийн	б @@оло @@мж @@ийн
жижгэрэх	жих @@жих @@гэрэх
хямдралаар	хямд @@рал @@аар
зүрхэнд	зүрх @@энд
сорилго	с @@орилго
шпагетти	шпагетти
бөмбөгөө	бөмбөг @@өө
баримжаа	барих @@мжаа
бүтээлтэй	б @@үт @@ээ @@л @@тэй
чангалууртай	чанга @@л @@уур @@тай
зөнтэй	зөн @@тэй
зохицуулалттай	з @@охиц @@уулах @@лт @@тай
унжлагын	у @@нжлаг @@ын
мухлагийг	мухлаг @@ийг
бүйлстэй	бүйлс @@тэй
зөгнөл	з @@өгнөл
төлөвийг	төлөв @@ийг
хачирхлыг	х @@ачирхл @@ыг
тоогоор	тоо @@г @@оор
ялагдал	ял @@агдал
бутралыг	бут @@рал @@ыг
голомттой	голомт @@той
тусгалын	тус @@гал @@ын
үйлчлэлийн	үйл @@члэл @@ийн
хилэгнэлтэй	х @@илэгнэл @@тэй
татгалзал	т @@атгалзал
мушгианд	мушгиа @@нд
цохилтоор	цохи @@лт @@оор
ахмадтай	ах @@мад @@тай
сэргээлтээс	с @@эрг @@ээ @@лт @@ээс
сахлаар	сах @@л @@аар
бахиудмаар	бах @@иудм @@аар
хувьтай	хувь @@тай
шулмаас	ш @@улм @@аас
тоглогч	т @@огло @@гч
уртрагийн	урт @@раг @@ийн
залхууралтай	залхуу @@рал @@тай
аяллыг	ая @@лл @@ыг
гологдлоор	гол @@огдл @@оор
ижилхэн	ижил @@хэн
цэцэглэх	цэцэг @@лэх
тэмцээнээ	тэмцээн @@ээ
амиар	ам @@иар
кофегоор	кофе @@г @@оор
сувгаас	с @@увг @@аас
жирэлзээн	жих @@рэлз @@ээ @@н
тэжээлээ	тэ @@жих @@ээ @@л @@ээ
ноёнтой	ноён @@той
үгүйсгэлийг	үгүй @@сгэл @@ийг
зэрэглээнд	зэрэглээ @@нд
синдромоо	синдром @@оо
гурилаас	гурил @@аас
дамжуулагчаар	дам @@жих @@уулах @@гч @@аар
сэрэмжлүүлгээс	сэрэмж @@л @@үүлэх @@г @@ээс
тэмдэглэгээнээс	тэмдэг @@лэг @@ээ @@н @@ээс
шандсаа	шан @@дс @@аа
цээрээс	цээр @@ээс
кафегаа	кафе @@гаа
хигээсийг	хигээс @@ийг
шилжүүлэгч	шил @@жих @@үүлэх @@гч
арааг	араа @@г
цуснаас	цус @@н @@аас
бөмбөрцгөөр	бөмбөр @@цг @@өөр
социализм	социализм
таамгаа	таа @@м @@гаа
шалгагчтай	ш @@алга @@гч @@тай
эгчийн	эгч @@ийн
бөөндөөсэй	бөөн @@д @@өөс @@эй
оосорлох	оосор @@лох
сахалд	сахал @@д
хариуцлагаар	хариу @@цлаг @@аар
гөрөөг	гөрөө @@г
ардчилалд	ард @@члах @@алд
үнэлэлттэй	үнэ @@лэ @@лт @@тэй
хэргийн	х @@эрг @@ийн
боловсруулалтын	б @@оловср @@уулах @@лт @@ын
багтаамжийг	б @@агт @@аа @@мж @@ийг
тэнцүүлэлт	тэнцүү @@лэ @@лт
хайрцаг	хайрцаг
бутны	бут @@ны
ихэст	ихэс @@лт
төлбөрөөр	төл @@бөр @@өөр
кредитэд	кредит @@эд
маажинтай	маажин @@тай
хөгжимчнөөс	хөгжим @@чин @@өөс
соёонд	соёо @@нд
шүтээнээс	ш @@үт @@ээ @@н @@ээс
харьцууллын	х @@арьц @@уулах @@л @@ын
хязгааргүй	хязгаар @@гүй
итгэлээс	и @@тгэл @@ээс
шошгоор	шошго @@оор
титэмд	титэм @@д
нотлуул	но @@тл @@уулах
шоолох	ш @@оо @@лох
бугатай	буга @@тай
дэвтрээс	д @@эвтр @@ээс
хэрүүлд	хэрүүл @@д
зэрэглээгээр	зэрэглээ @@г @@ээр
масштабын	масштаб @@ын
видеонд	видео @@нд
шидэх	шидэх
дэвүүрийг	дэв @@үүр @@ийг
консултай	консул @@тай
гайхамшиг	гайхамшиг
ритмтэй	ритм @@тэй
цагцгайг	цагцгай @@г
хорших	хорших
сэрэмжлүүлэг	сэрэмж @@л @@үүлэх @@г
сэжүүрээ	сэжүүр @@ээ
заламгайд	заламгай @@д
зорчих	зорчих
ирвэгэнэлгүй	ирвэг @@энэл @@гүй
төлөвт	төлөв @@лт
ээтийжээ	ээ @@лт @@ий @@жих @@ээ
хувьгүй	хувь @@гүй
эргэцүүлэлд	эр @@гэц @@үүлэх @@лд
шивээстэй	ш @@ив @@ээс @@тэй
залгаврын	з @@алгавр @@ын
тохууг	тохуу @@г
нөмрөгөө	нө @@мрөг @@өө
шүлт	шүлт
самбараа	самбар @@аа
үйлчлүүлэгчээс	үйл @@чл @@үүлэх @@гч @@ээс
барилгаа	барих @@л @@гаа
шрифтийг	шрифт @@ийг
тоомжир	тоо @@мж @@р
мөрдөгчөөр	мөр @@дө @@гч @@өөр
өвлийн	өв @@л @@ийн
дэмжигчээр	дэм @@жих @@гч @@ээр
багана	багана
болзоогоор	бол @@зоог @@оор
хашлаганд	хаш @@лага @@нд
явдалд	я @@вдалд
цардас	цардас
тогтоолоо	т @@огтоол @@оо
үзэм	үзэм
цохилтод	ц @@охилтод
отрядтой	отряд @@той
зохиомжтой	з @@охио @@мж @@той
шийдвэртэй	шийд @@вэр @@тэй
өсөлтөөс	өсө @@лт @@өөс
ноёрхлоо	но @@ёрхл @@оо
хандлагад	х @@анд @@лага @@д
оргилд	ор @@гилд
баримтлалаа	барих @@мт @@лал @@аа
илбэ	илбэ
авианаас	авиа @@н @@аас
хэлмэгдэв	хэл @@мэгдэв
зарлалаас	зар @@лал @@аас
уншлагыг	у @@ншлаг @@ыг
үйлдвэрээс	үйл @@д @@вэр @@ээс
ичээнээс	ич @@ээ @@н @@ээс
бичгээ	б @@ичг @@ээ
тэмцэгч	т @@эмцэ @@гч
дахилттай	д @@ахилт @@тай
батжилтаар	бат @@жих @@лт @@аар
мөөгийг	мөөг @@ийг
болзоог	бол @@зоог
хавцлын	х @@авцл @@ын
нугаснаас	нугас @@н @@аас
үймээнтэй	үй @@м @@ээ @@н @@тэй
түгчих	түг @@чих
ноёныг	ноён @@ыг
засварлах	з @@асвар @@лах
ялагчаас	ял @@аа @@гч @@аас
сургуулиас	с @@ург @@уулах @@иас
цэцэглэлтийн	цэцэг @@лэ @@лт @@ийн
журамд	журам @@д
бөглөрөлд	б @@өглөрөлд
гитараар	гитар @@аар
хэрэгслээ	хэрэг @@сл @@ээ
түрэмжий	түрэмжий
мэдүүлэгт	мэд @@үүлэх @@гт
хөвөнд	хөвөн @@д
хавцлаас	х @@авцл @@аас
диаграммтай	диаграмм @@тай
дүрэмтэй	дүрэм @@тэй
хамтрах	хамт @@рах
зурлагаа	з @@урла @@гаа
тунхаглалыг	тунхаг @@лал @@ыг
хөрөөдмөөр	хөрөө @@дм @@өөр
талын	тал @@ын
давсны	давс @@ны
тасалгаа	тас @@ал @@гаа
углаашаас	угл @@аа @@ш @@аас
анхлах	анх @@лах
өчигдрөөр	ө @@чиг @@др @@өөр
углааштай	угл @@аа @@ш @@тай
өттэй	өт @@тэй
таамаглах	таа @@маг @@лах
ёзоороо	ёзоор @@оо
духтай	дух @@тай
хүндээ	хүнд @@ээ
буцалтаас	б @@уца @@лт @@аас
жолоочоо	жолоо @@ч @@оо
бэрхшээлтэй	бэрх @@шээл @@тэй
тавиурт	тав @@иур @@лт
цилиндр	цилиндр
тогтвортой	тогт @@вор @@той
маягийн	маяг @@ийн
хүслийг	х @@үсл @@ийг
давсархаг	давс @@архаг
агуйгаа	агуй @@гаа
ургаар	ур @@г @@аар
хөлслөгчийг	хөлс @@лө @@гч @@ийг
ятгалгатай	я @@тгалга @@тай
ойлтыг	ой @@лт @@ыг
вальсын	вальс @@ын
трамвайн	трамвай @@н
шархнаас	шарх @@н @@аас
хүслэнгээс	хүслэн @@г @@ээс
хавтан	хавтан
турникээс	турник @@ээс
нийтлэлээр	нийт @@лэл @@ээр
зуралгүй	з @@урал @@гүй
илгээн	ил @@г @@ээ @@н
сэрдэх	сэрдэх
зулгаалга	зул @@гаа @@лга
шөрмөстэй	шөрмөс @@тэй
зогдроо	з @@огдроо
сүнсээ	сүнс @@ээ
ялгадсаа	ял @@гадс @@аа
ялгаруулалтаар	ял @@гар @@уулах @@лт @@аар
шөл	шөл
ололтыг	оло @@лт @@ыг
хэмнэл	хэм @@нэл
улыг	ул @@ыг
мэргэний	мэргэ @@ий
хөөрлийг	хөөр @@л @@ийг
өгүүлэгдэх	өг @@үүлэх @@гдэх
заламгайнаас	заламгай @@н @@аас
автомашин	авто @@машин
